title,node nr.,author,stadtbezirk,year,thema,wirkung,rank,status,desc,umsetzung,score_wenigergut,score_gut,ergebnis_haushaltsberatungen,stellungnahme_verwaltung,bezirksbeiratshinweis,gemeinderat_prueft,path,topic
Entwicklungskonzept westliche Solitudestraße (ehem. Walz Areal),61818,Hannes,"
        Weilimdorf      ",,Weitere,Ausgabe,,,"Viele Jahre wird schon über die Brachflächen / größten teils defekt Gewächshäuser auf dem ehemaligen Walz Areal diskutiert.  Nachdem die Stadt Stuttgart den größeren Teil der Fläche erworben hat sollte nun ein Entwicklungsprozess  mit der Bürgerbeteiligung umgesetzt werden.  Die Fläche vom Jugendhaus Weilimdorf bis zur Haltestelle Bergheimer Hof muss Überplant werden, das Gebiet wurde inzwischen in verschiedenen Planungsgebiete (A, B. C) eingeteilt.     Dabei müssen die Belange der Weilimdorfer Bürger (Bürgerhaus auf dem A Gelände) ,  Lernschwimmbecken   Wettkampf gerechte Sporthalle, erweiterte  Sportflächennutzung (B Gelände) und Freizeitnutzung  (C Fläche) berücksichtigt werden.   Ferner ist in die Planung eine Nutzung durch Cloroplast , (urban Gardening) zu berücksichtigen.  Auch sind die Wünsche und Planungen der Sportvereine in dem Bereich mit einzubeziehen.   Damit es hier weitergehen kann sind weitere erhebliche Planungsmittel notwendig.  Für die spätere weitere Umsetzung sollten heute schon Investitionsmittel im Haushalt eingestellt werden",,-126,307,,,,,source_files/buergerhaushalt_5.html,-1
Übernahme der Anteile an der VfB Stuttgart 1893 AG von der Daimler AG,60791,Fritz0609,"
        Bad Cannstatt      ",2021.0,Weitere,Ausgabe,2154.0,,"In den vergangenen Jahren hat sich Stuttgart immer wieder versucht als Sportstadt zu vermarkten. Die öffentliche Wahrnehmung von Stuttgart als Sportstadt hängt aber massiv vom Erscheinungsbild des VfB Stuttgart ab, welches leider desolat ist.  Dies wiederum hängt offensichtlich mit den handelnden Akteuren in den Gremien des VfBs zusammen.Nachdem sich die Daimler AG in den letzten Jahren nicht bemüht hat einen besonnen und nüchtern handelnden Vertreter in den Aufsichtsrat der VfB Stuttgart AG zu entsenden, ist davon auszugehen, dass ihr nicht viel an ihrer Beteiligung gelegen ist. Die aktuelle Führungskrise dürfte darüber hinaus den Wert der Anteile drücken (11,75% in 2017 für 41,5 Mio. € erworben).Die Stadt Stuttgart sollte diese Chance nutzen und Daimler ein Angebot für die Übernahme der Anteile machen. 20 Mio. € sollten mittlerweile ein faires Angebot sein.Daimler könnte sich so von der konfliktären Beteiligung befreien. Die Stadt Stuttgart könnte sich, mit einem Vertreter im Aufsichtsrat, für die Befriedung der aktuellen Führungskrise und der langfristigen positiven Entwicklung des VfB einsetzen und so zum positiven Image als Sportstadt beitragen.Dieser einmalige Invest kann über mehrere Jahre Marketingkampagnen einsparen und ist daher kostenneutral für den Haushalt.",,-459,77,,,,,source_files/buergerhaushalt_8.html,-1
Hecken pflanzen,62070,Essbare Stadt,"
        Stuttgart (gesamt)      ",2021.0,Weitere,Ausgabe,132.0,,"Für die Vogelwelt, für den Artenschutz allgemein sollten mehr Hecken entstehen, allerdings kein Kirschlorbeer, sondern z.B. Weißdorn, Rotdorn  gab es früher in Stuttgart sehr häufig),  vor allem biienenfrendliche Hecken, auch zwischen Fahrbahnen, entlang von Straßen.",,-98,719,,,,,source_files/buergerhaushalt_4.html,-1
Baufläche für 2. S-Bahn-Stammstrecke zwischen Mittnachtstraße und Hauptbahnhof freihalten,42053,Philipp21,"
        Stuttgart (gesamt)      ",2017.0,Weitere,Ausgabe,1304.0,,"Falls man nach der Fertigstellung nach S21 doch merkt, dass mehr Kapazität auf der S-Bahn benötigt wird, wäre es gut, noch freie Bauflächen zu haben. So könnte man parallel zur heutigen Strecke vom Hauptbahnhof zur neuen S-Bahn Haltestelle Mittnachtstraße eine 2. Stammstrecke einrichten, die nur bis zum Hauptbahnhof führt. Dieser Bahnhof könnte z.B. auch nur von Schnell-S-Bahnen angefahren werden, die nur die größeren Umsteigestationen und Außenäste des S-Bahnnetzes bedienen.",,-84,289,,,,,source_files/buergerhaushalt_17.html,-1
Haldenrainstraße - Verkehr verlangsamen,70522,Heimsch,"
        Zuffenhausen      ",2023.0,Lärm,Ausgabe,1357.0,,Die Haldenrainstraße zwischen Kelterplatz und Schozacher Straße wird als Rennstrecke benutzt. Der dabei entstehende Lärm vervielfacht sich in den Straßenschluchten der massiven Wohnblocks.Zum einen muss hier tagsüber die Geschwindigkeitsbegrenzung eingehalten werden  und des Weiteren sollte nachts eine weitere Geschwindigkeitsbegrenzung auf 30km/h vorgesehen werden.Es werden entsprechende Schilder und häufigere Kontrollen oder Blitzer benötigt.Vielen Dank!,,-222,310,,,,,source_files/buergerhaushalt_3.html,-1
U14 Münster - Lärm für Anwohner reduzieren,70197,Waiter,"
        Münster      ",2023.0,Lärm,Ausgabe,1370.0,,"Die SSB testet schon seit Jahren Maßnahmen gegen das Kurvengequitsche. Es gibt in der Zwischenzeit eine Lösung, bei der stationär die Schienen ""konditioniert"" werden.Deshalb sind jetzt sofort vorrangig die HotSpots, wie z.B. Kurve Aubrücke, mit dem System auszurüsten.",,-134,306,,,,,source_files/buergerhaushalt_3.html,-1
Endlich Lärmschutz im Stammheimer Norden wegen des Containerbahnhofs verbessern,70015,Petra Pan,"
        Stammheim      ",,Lärm,Ausgabe,,,"Zahlreiche Stammheimer sind seit vielen Jahren stark belastet vom Lärm des Containerbahnhofs in Kornwestheim. Lärmgrenzen sind seit mindestens 15 Jahren deutlich überschritten, vor allem bei Nacht. Da der Containerbahnhof in den nächsten Jahren noch ausgebaut werden soll, muss nun endlich und schnellstmöglich der Schutz der Stammheimer Bevölkerung durch entsprechende Maßnahmen gewährleistet werden.",,-107,323,,,,,source_files/buergerhaushalt_2.html,-1
Buntes Stuttgart ,70686,Jonana,"
        Stuttgart-Süd      ",2023.0,Weitere,Ausgabe,965.0,,"Die Stadt bunter gestalten. Ein Beispiel wären beispielsweise das Gestalten einer bunten Staffel. So könnte bspw. die Liststaffel in Regenbogenfarben gestaltet werden oder auch die Vielfalt der Ampelmännchen, wie sie bereits in anderen Städten vorhanden ist, angleichen. So können echte Hingucker und neue Sightseeingspots geschaffen werden. Die Liststaffel bietet sich hierfür insbesondere an, da diese auch sehr gut von der Zacke aus zu sehen ist und es auch passend zu einigen Veranstaltungen auf dem Marienplatz wäre.",,-324,411,,,,,source_files/buergerhaushalt_2.html,-1
Think Tank für nachhaltige Stadtentwicklung einrichten,42484,Stadtfreund,"
        Stuttgart (gesamt)      ",2017.0,Weitere,Ausgabe,864.0,,"Was kennzeichnet eine nachhaltige Stadtentwicklung vor dem Hintergrund des Klimawandels? Welche Konzepte können als Vorbilder und Beispiele für andere Städte herangezogen werden? Hierzu sollte von der Stadt ein Think Tank  entwickelt  werden  und  engagierte  Bürger  Ihr  Wissen  einbringen  können, wo  Ideen  und  Lösungsansätze entwickelt werden, die  nicht  nur  dem  Stadtrat,  sondern  auch  den  entsprechenden  Abteilungen  und  Fachreferaten  vorzulegen  sind.  Folgende  inhaltliche  Fragestellungen  wären  dabei  zu  beachten:Der  Think  Tank  muss  eine kollektive Bewegung aus Wirtschaft, Forschung, Politik und vor allem den Einwohnern sein.  Gemeinsam fördert man auch  das städtische Bewusstsein für Klimaschutz.1. Kann ein Green Bond eine Möglichkeit sein um Fremdkapital zur Investition in das städtische Abfallmanagement, Maßnahmen zur Wasseraufbereitung und zur Verbesserung der Infrastruktur  nutzen?2. Wie  kann  man neben einer verbesserten Mobilität  auch X Tonnen CO2 einsparen und die Luftqualität für die Bewohner der Stadt  Stuttgart optimieren?3. Immobilien sind jedoch auch für rund 3/4 der städtischen Treibhausgas-Emissionen verantwortlich. Daher muss Stuttgart lernen nachhaltig zu bauen.4. Reduzierung von Emissionen steht im Vordergrund, aber man muss sich mit möglichen Auswirkungen beschäftigen, in dem Risiken identifiziert und bewertet werden. In einem anschließenden Maßnahmenkatalog sind dann Strategienzu definieren.5.Wie kann Stuttgart bis 2030 komplett unabhängig von fossilen Brennstoffen sein und die CO2-Emissionen bis 2020 auf 1,5 Tonnen pro Bewohner zu begrenzen. Im Zuge der ambitionierten Ziele müssten Projektentwickler/ Bauträger eine Software erhalten, mit der man den ökologischen Fußabdruck aller Baumaterialien über die ganze Lebenszeit errechnen kann.6. Welche Möglichkeiten gibt es für ökologische Baustoffe, Vernetzung öffentlicher Grünflächen, Reduktion des Fahrzeugverkehrs und die Verbesserung der Luftqualität.",,-116,355,,,,,source_files/buergerhaushalt_16.html,-1
Brunnen hinter der Stiftskirche durch Trinkbrunnen ersetzen,43356,Trixie,"
        Stuttgart-Mitte      ",2017.0,Weitere,Ausgabe,1089.0,,Den Brunnen hinter der Stiftskirche entfernen und durch einen Trinkwasserbrunnen ersetzen.,,-134,318,,,,,source_files/buergerhaushalt_16.html,-1
Schicksalskur für den Stuttgarter Wald,71671,forfuture,"
        Stuttgart (gesamt)      ",,Weitere,Ausgabe,,,"Mit Verbrennung von billigem Erdgas, Öl und Kohle ist inzwischen die Erdatmosphäre überfüllt mit CO2. Seit September sind unsichtbarer Weise fast alle Kriterien erfüllt , für den Stopp des Golfstromes, der eine  verheerende Wirkung besonders auf unser schönes Stuttgart hätte, wenn nicht unverzüglich der CO2-Gehalt der Luft auf den ungefährlichen Zustand von vor 1990 gesenkt wird.Eine Schicksalsrolle dazu spielen dabei  die Wälder. Einerseits drohen ihnen, wie schon 2021 den naturbelassenen Wäldern Sibiriens durch Trockenhitzewellen riesige Brände, bei denen das CO2,  das in Jahren der Luft entnommen wurde, wieder frei gesetzt wird und selbstverstärkend wirkt wie Öl ins Klimafeuer. Über die Frischluftschneisen droht für viele Ältere und Kranke im Talkessel dadurch  der Rauchvergiftungstod.  Brände wären auch der qualvolle Tod unzähliger Waldtiere.Andererseits können Wälder einen großen Beitrag dazu leisten, weltweit vorbildlich die apokalyptische CO2-Last aus der Atmosphäre zu entfernen:Der Vorschlag „Schicksalskur für den Stuttgarter Wald“ lautet nun:  Ausgewählte Waldwege und Bachläufe und die Umgebung von Waldheimen,  Naturfreundehäusern und Wohngebieten werden zu 50m breiten Schneisen abgeforstet, damit z.B. durch Blitzeinschlag entstehende Brände nicht übergreifen und sich nicht weiträumig ausbreiten können. Über diese Brandschutzschneisen werden alle normalen ausgewachsenen Bäume (jährlich etwa 1 % des Gesamtbestandes) nachhaltig geerntet  (jeder ausgewachsene Baum entnahm der Luft ca. 2 Tonnen CO2) und mehrere hundert Windkraftwerke für die emissionsfreie Mobilität und Haushaltsstrom errichtet. 1 WkW kann etwa 1 % der Stuttgarter Haushalte versorgen und auf einem halben Hektar liefert ein WkW  so viel CO2 für emissionsfreie Elektromobilität wie eine Neuanpflanzung von 500 Hektar, bzw.  von 200 000 Bäumen (!) . Gleichzeitig bieten die Brandschutzstreifen Platz für  Naturspielplätze, Aussichtsplattformen sowie BMX- und Down Hill-Tails.",,-244,255,,,,,source_files/buergerhaushalt_1.html,-1
Legale Graffiti Wände in Stuttgart Vaihingen ,70764,naz.stgt,"
        Vaihingen      ",2023.0,Weitere,kostenneutral,356.0,,Legale Graffiti Wände in Stuttgart Vaihingen,,-175,632,,,"



Der Bezirksbeirat Vaihingen stimmt der Forderung zu und bittet, diese Forderung insbesondere an die DB Station & Service weiterzugeben und Künstler*innen zu beauftragen, damit Bahnstationen in Vaihingen und anderswo enorm aufgewertet werden können.


",,source_files/buergerhaushalt_1.html,-1
Lärmschutzwand errichten für Neuwirtshaus entlang der Schwieberdinger Straße,41462,b19569,"
        Zuffenhausen      ",2017.0,Lärm,Ausgabe,2309.0,,Lärmschutzwand für Neuwirtshaus entlang der Schwieberdinger Straße errichten.,,-105,162,,,,,source_files/buergerhaushalt_19.html,-1
Lärmschutz oberes Lehenviertel/Weinsteige erhöhen,41182,Welke,"
        Stuttgart-Süd      ",2017.0,Lärm,Ausgabe,2327.0,,"Bewohner des oberen Lehenviertes und des Viertels Weinsteige leiden stark unter dem erheblichen Verkehrslärm von der Neuen Weinsteige herab, nahezu rund um die Uhr und ganzjährig.Vorschlag: Lärmschutzwand an der Neuen Weinsteige, gegebenenfalls aus (Plexi)glas oder flach, um die Aussicht von der Neuen Weinsteige nicht zu behindern.",,-135,159,,,,,source_files/buergerhaushalt_19.html,-1
Lärmschutz für Gebiet Auwiesen verbessern,41615,Gast,"
        Mühlhausen      ",2017.0,Weitere,Ausgabe,2525.0,,"Lärm-und Emissionsschutz auf Höhe Haltestelle Auwiesen für das dahinter liegende Wohngebiet Arnoldstraße, Rigaer Straße, Wilnaer Straße verbessern.Zunehmender Verkehr und ab Ende des Jahres eine weitere Stadtbahnlinie sind zwischenzeitlich ein extrem Lärm-und Schmutzbelästigung.",,-97,125,,,,,source_files/buergerhaushalt_19.html,-1
Brenzkirche umbauen und erweitern anstatt renovieren,43464,schriftlich ein...,"
        Stuttgart-Nord      ",,Weitere,Ausgabe,,,Der Vorschlag wurde in der Brenzkirche vorgestellt. Anstelle einer Renovierung sollte eine Erweiterung des Baus für unterschiedliche Nutzungen erfolgen.,,-138,79,,,,,source_files/buergerhaushalt_18.html,-1
Stadt Wien als Vorbild nutzen,42068,Rehblau,"
        Stuttgart (gesamt)      ",,Weitere,Ausgabe,,,"Gegen Feinstaub und mit Autos verstopfte Stadt, für die Umwelt und Gesundheit Stadt Wien in Österreich als Vorbild nehmen.",,-118,304,,,,,source_files/buergerhaushalt_14.html,-1
Stellt mehr alte Bäume in Stuttgarts Wäldern unter Schutz,40271,Cora,"
        Stuttgart (gesamt)      ",,Weitere,Ausgabe,,,"Die Gedichte von Goethe, Schiller, Mörike … über ihre Liebe zu Bäumen und Natur waren mir doch zu lang, um sie als Prolog für mein Anliegen auszuwählen. darum werbe ich nur mit ein paar Worten um Ihre Unterstützung:Genießen Sie auch die alten Eichen und Buchen bei den Bärenseen, im Eichenhain oder im Rotwildpark? Hat es Sie schon geschmerzt wenn aus „Ihrem“ Wald alle Bäume die „reif“ waren verschwunden sind? Es gibt noch einige ältere Bäume - sie sollten nicht aus finanziellen Gründen gefällt werden. Setzen Sie sich für deren Erhalt ein.Diese Forderung wird auch vom Umwelt- und Naturschutzverband BUND Stuttgart unterstützt.Forderung:In den Stuttgarter Wäldern sollten ökologisch besonders wertvolle alte Bäume (insbesondere Buchen und Eichen) seltener gefällt werden.Als Schutzinstrumente bieten sich die Ausweisung von Waldrefugien, Habitatbäumen-  bzw. Habitatbaumgruppen an (siehe das Alt- und Totholzkonzept BaWü 2010). Die bisherige Praxis in Stuttgart zeigt, dass diese Baumschutz-Instrumente vom Forstamt nur auf unterem Level genutzt wurden – wesentlich mehr alte Bäume könnten vor der Motorsäge verschont werden.Der Mindererlös bei der Holzvermarktung sollte über den allgemeinen Haushalt ausgeglichen werden.Nähere Infos finden Sie unter:http://www.stuttgart.de/img/mdb/item/509216/87918.pdf",,-96,540,,,,,source_files/buergerhaushalt_14.html,-1
"Erweiterungsbau der Hattenbühlschule auf benachbartem, bisher freigehaltenem Flurstück realisieren",53150,BSePfA,"
        Feuerbach      ",2019.0,Weitere,Ausgabe,2306.0,,"Es ist geplant, die Hattenbühlschule zur Ganztagsgrundschule auszubauen. Der dafür erforderliche Erweiterungsbau sollte auf dem benachbarten und seit vielen Jahren für eine Schulerweiterung freigehaltenen, benachbarten Flurstück 4794 errichtet werden.Aus folgenden Gründen wäre dies vorteilhaft:1. Erhaltung des ansprechend gestalteten Pausenhofs der Hattenbühlschule als Bewegungs- und Naturraum für die Ganztageskinder.2. Vermeidung von zusätzlichem Verkehr in der Spielstraße Schelmenäckerweg, welcher der Laufweg für die Kinder vom Gaizen zur Tageseinrichtung Böhmerwaldstr./Linzerstr. ist und zugleich Spielraum der anwohnenden Kinder.",,-88,219,,,,,source_files/buergerhaushalt_13.html,-1
Schulbezirksgrenzen abschaffen,53043,Bazi,"
        Stuttgart (gesamt)      ",2019.0,Weitere,kostenneutral,2317.0,,"Für Grundschulen und Schulen mit Grundschulzweig sind Einzugsbereiche – sogenannte Schulbezirke – festgelegt. Grundsätzlich besuchen Schülerinnen und Schüler daher die Grundschule, in deren Schulbezirk sie wohnen. Durch Schulbezirksgrenzen werden Eltern also gezwungen, ihre Kinder auf eine bestimmte Schule zu schicken, auch wenn sie die Kinder lieber auf eine andere Schule schicken würden – beispielsweise weil die Schule für sie günstiger gelegen liegt oder weil die Schule ein spezielles Betreuungsangebot hat, das ihnen entgegenkommt (Sprachförderung, naturwissenschaftliche Ausrichtung, etc.). Deshalb der Vorschlag, die bestehenden Schulbezirksgrenzen in Stuttgart aufzuheben und einen einheitlichen Schulbezirk für die Stadt Stuttgart zu bilden. Den Eltern der Stuttgarter Schülerinnen und Schüler soll damit die Möglichkeit gegeben werden, ihre Kinder dort beschulen zu lassen, wo sie das pädagogische Konzept der jeweiligen Schulen für angemessen halten. Nicht die Adresse, sondern die Eltern sollen entscheiden, wer in welche Grundschule geht.",,-222,218,,,,,source_files/buergerhaushalt_13.html,-1
Bau einer Gemeinschaftsschule in Botnang ,51505,godschild,"
        Botnang      ",2019.0,Weitere,Ausgabe,2550.0,,"Schulkinder aus Botnang müssen ab der 5. Klasse weitere Wege auf sich nehmen, weil sie in andere Stadtbezirke zur Schule gehen müssen, entweder nach West, Stadtmitte oder nach Feuerbach. Sollte es der Gewerkschaft wieder einmal in den Sinn kommen, dass es erstrebenswert sei, einige Tage zu streiken, sind die Schulkinder immer die Leidtragenden, insbesondere die Kinder, deren Eltern kein Auto besitzen (ja, die soll es auch geben...).Jeder andere Stadtbezirk Stuttgarts hat mindestens eine weiterführende Schule. Doch Botnang scheint hier ein Stiefkind zu sein: Warum zwei Grundschulen, aber keine weiterführende Schule? Es müssen ja nicht gleich alle vier Schularten sein. Eine Gemeinschaftsschule würde genügen, da dies das Modell der Zukunft darstellt, zumal es sich nun dahingehend verändern wird, dass es bald auch an Gemeinschaftsschulen die Möglichkeit gibt, dort Abitur abzulegen! Dann wären die älteren Schulkinder Botnangs nicht mehr auf den Mutwillen der Gewerkschaft angewiesen!",,-134,182,,,,,source_files/buergerhaushalt_13.html,-1
Keine fahrenden gelben ÖPNV-Quasselbuden mehr - Handyverbot im Zug,52532,the reader,"
        Stuttgart (gesamt)      ",2019.0,Lärm,Einnahme,2135.0,,"Der SSB Vorstand sollte langsam seine Kunden/innen vor den zunehmenden Privatgesprächen und dem Empfangspiepsen der Smartphones beziehungsweise Taschencomputerbesitzer schützen. Es geht schon auf die Nerven, wenn die Fahrgäste dort von der Stadtmitte bis in die Außenbezirke Ihren Privatkäse vermitteln.Sie haben zwar diese Verbotspiktogramme über den Ein/Ausgängen angeklebt, aber wenn interessiert es? Aktuell läuft es so, es macht jeder was er will! Ich habe keinen Plan wie man das ändern könnte, vielleicht mit speziellen Störsendern?Aber der SSB Vorstand hat ja nach den Tunnelüberholungen zwischen HBF und Pragsattel dieses sogar noch gefördert, indem sie die Tunnels mit neuester Funktechnik für den Mobilfunk aufgerüstet haben.Ich vermute nun haben wir auf dem gesamten Streckennetz der U-Bahn die komplette Quassel-Zone.Dies ist ein schlechter Kundenservice, da gegen diese Belästigungen nicht vorgegangen wird.Vielleicht sollten sie es mit einem kleinen Bußgeld versuchen??",,-418,239,,,,,source_files/buergerhaushalt_12.html,-1
